{
    "accuracy": 0.6169607285145133,
    "precision_weighted": 0.5161675971720282,
    "recall_weighted": 0.6169607285145133,
    "f1_weighted": 0.476291702801946
}